,0
feel,720
like,703
get,516
know,441
peopl,424
want,421
time,397
depress,378
life,370
even,350
think,341
realli,301
day,286
one,260
tri,255
would,241
go,230
never,218
much,218
talk,209
help,200
make,197
could,177
still,172
someth,170
work,170
need,164
back,163
good,161
got,160
see,159
someon,158
live,157
happi,150
anyth,148
alway,147
say,147
suicid,146
noth,141
end,139
anyon,132
better,131
way,130
come,129
person,129
take,128
school,127
tell,122
everyth,122
bad,121
hard,118
right,118
love,116
also,115
anxieti,110
famili,108
alon,108
told,108
everi,106
job,104
thing,104
well,102
away,100
kill,100
ever,99
hate,98
last,98
die,98
year,97
around,97
sinc,95
care,95
mayb,95
point,94
use,93
everyon,93
thought,91
give,90
find,89
cri,87
stop,85
dont,85
long,85
first,85
felt,84
els,84
sleep,83
sad,82
friend,82
keep,81
said,81
look,79
sure,78
enough,78
pretti,77
home,77
though,77
actual,75
went,75
made,74
pain,74
lot,74
world,73
self,73
best,73
social,73
littl,72
reason,70
mental,70
hope,70
mani,69
wish,68
wors,68
tire,67
normal,67
without,67
understand,66
ago,66
week,63
sometim,63
today,62
abl,62
leav,61
almost,61
night,60
post,60
two,60
new,60
mind,59
left,57
start,57
past,57
money,56
colleg,56
complet,56
head,56
let,55
real,55
alreadi,55
hurt,54
place,54
lost,53
girl,52
read,52
kind,51
final,51
stuff,50
eat,50
matter,49
sorri,49
put,49
probabl,49
might,49
close,48
relationship,48
bed,48
suffer,48
cant,47
anoth,47
togeth,46
done,46
class,45
ask,45
part,44
guess,44
least,44
becom,44
sick,44
enjoy,43
remov,43
next,43
yet,43
mean,43
high,43
cut,42
bit,42
differ,42
hear,42
stupid,42
late,42
old,41
deal,41
wrong,40
turn,40
lose,39
sit,39
rememb,39
liter,39
great,39
thank,38
often,38
write,38
seem,38
hous,38
lie,37
usual,37
coupl,36
wonder,36
wast,36
music,35
spend,35
honestli,35
soon,35
futur,35
may,35
worri,35
dad,34
hospit,34
watch,34
stay,34
room,34
therapist,34
possibl,34
fear,34
believ,34
health,34
month,33
problem,33
car,33
insid,33
instead,33
took,33
chang,33
happen,33
move,33
current,32
extrem,32
worst,32
anyway,32
advic,32
whole,32
energi,31
guy,31
death,31
therapi,31
fine,31
gone,31
empti,31
found,31
hold,31
drive,31
lone,31
medic,31
basic,30
rest,30
call,30
pleas,30
interest,30
nice,30
miss,30
struggl,30
worth,29
afraid,29
idea,29
whatev,29
recent,29
failur,29
human,29
eventu,29
entir,29
drink,29
break,29
constantli,28
walk,28
stuck,28
bare,28
listen,28
support,28
fun,28
low,28
suppos,27
wake,27
angri,27
horribl,27
face,27
posit,26
play,26
doctor,26
broke,26
came,26
seen,26
act,26
hell,26
everyday,26
due,26
brain,25
side,25
nobodi,25
either,25
sever,25
whenev,25
ill,24
far,24
text,24
wait,24
motiv,24
effect,24
meet,24
realiti,24
absolut,23
mother,23
later,23
consid,23
accept,23
outsid,23
quit,23
nan,23
trust,23
anxiou,23
fail,23
learn,23
attent,23
moment,22
physic,22
speak,22
caus,22
phone,22
rather,22
three,22
relat,22
fix,22
pay,22
morn,22
handl,22
truli,22
second,21
heart,21
univers,21
gotten,21
natur,21
hit,21
yeah,21
top,21
neg,21
fight,21
date,21
awkward,21
open,21
must,21
food,21
god,21
emot,21
exist,21
psychiatrist,21
busi,21
situat,21
gener,20
weird,20
confid,20
somehow,20
daili,20
upset,20
continu,20
especi,20
group,20
le,20
forward,20
cannot,20
control,20
stand,20
full,20
push,20
crazi,19
knew,19
genuin,19
fall,19
spent,19
met,19
activ,19
serious,19
singl,19
ye,19
aliv,19
pathet,19
fast,19
although,19
explain,19
half,19
small,19
realiz,19
stori,18
bring,18
true,18
deserv,18
terribl,18
discord,18
howev,18
lack,18
share,18
selfish,18
chanc,18
middl,18
smile,18
abus,18
decid,18
mistak,17
question,17
strong,17
brother,17
fact,17
plan,17
despit,17
front,17
commit,17
childhood,17
tomorrow,17
stress,17
saw,17
easier,17
straight,17
laugh,17
longer,17
harm,17
aw,17
gave,17
major,17
super,17
video,17
mine,17
numb,16
dark,16
forc,16
dead,16
woman,16
hour,16
panic,16
badli,16
certain,16
deep,16
countri,16
success,16
sound,16
name,16
exhaust,16
difficult,16
truth,16
imagin,16
hand,16
bodi,16
sens,16
sort,16
kept,16
broken,16
given,16
commun,16
hopeless,16
short,16
state,16
constant,15
cope,15
total,15
obvious,15
mad,15
worthless,15
forget,15
smoke,15
cours,15
forev,15
ugli,15
behind,15
treatment,15
show,15
afford,15
focu,15
free,15
big,15
edit,14
disappear,14
miser,14
mess,14
drunk,14
rare,14
option,14
weight,14
ignor,14
woke,14
amount,14
taken,14
alcohol,14
disord,14
function,14
apart,14
annoy,14
pa,14
piec,14
coffe,14
effort,14
yesterday,13
comput,13
surviv,13
student,13
convers,13
wrote,13
anti,13
appli,13
experi,13
warm,13
treat,13
graduat,13
excit,13
suddenli,13
grow,13
damn,13
except,13
lazi,13
doesnt,13
mostli,13
appoint,13
figur,13
avoid,13
type,13
father,12
exactli,12
career,12
quickli,12
hey,12
easi,12
appar,12
slowli,12
ruin,12
answer,12
attempt,12
bother,12
that,12
comfort,12
cool,12
harder,12
incred,12
insan,12
set,12
disappoint,12
asleep,12
choos,12
throw,12
convinc,12
studi,12
breath,12
buy,12
blame,12
sexual,12
improv,12
sister,12
useless,12
histori,12
esteem,12
somebodi,12
toward,11
forgiv,11
age,11
run,11
troubl,11
choic,11
simpli,11
scream,11
across,11
begin,11
save,11
overwhelm,11
profession,11
game,11
easili,11
bitch,11
semest,11
lay,11
form,11
note,11
sport,11
otherwis,11
finish,11
beauti,11
sent,11
hello,11
train,11
trash,11
within,11
safe,11
cover,11
purpos,11
decent,11
specif,11
wont,11
pointless,11
imposs,11
rid,11
onto,11
light,10
huge,10
weak,10
object,10
wife,10
pressur,10
appreci,10
societi,10
logic,10
fill,10
check,10
quiet,10
exampl,10
luck,10
freak,10
confus,10
hang,10
isol,10
joy,10
experienc,10
perfect,10
drift,10
clearli,10
jump,10
seriou,10
dumb,10
healthi,10
loser,10
weed,10
gay,10
guilti,10
introvert,10
line,10
period,10
behavior,9
combin,9
number,9
male,9
insur,9
cold,9
2015,9
known,9
contact,9
disabl,9
door,9
dream,9
vent,9
term,9
distanc,9
sweet,9
heavi,9
sub,9
somewher,9
whether,9
respons,9
hole,9
cloth,9
betray,9
gym,9
attract,9
messag,9
admit,9
besid,9
pick,9
everybodi,9
readi,9
chest,9
piti,9
lead,9
born,9
non,9
drag,9
distract,9
near,9
slept,9
opposit,9
prefer,9
definit,9
wall,9
manag,9
clean,9
similar,9
hide,9
instantli,9
occasion,9
public,9
chat,9
fell,9
dog,9
case,9
import,9
inform,9
immedi,9
miseri,9
crush,9
compani,9
multipl,9
fake,8
mild,8
smart,8
crash,8
guilt,8
cousin,8
man,8
content,8
blow,8
happier,8
degre,8
subject,8
child,8
cancer,8
older,8
none,8
alright,8
hardli,8
interact,8
agre,8
shop,8
sex,8
notic,8
disgust,8
episod,8
practic,8
book,8
biggest,8
stare,8
product,8
achiev,8
funni,8
romant,8
homeless,8
excus,8
step,8
reach,8
suck,8
diseas,8
weekend,8
idiot,8
unabl,8
mood,8
individu,8
nearli,8
fault,8
nowher,8
town,8
attack,8
tear,8
song,8
awar,8
unless,8
as,8
park,8
crippl,7
routin,7
anger,7
vagu,7
bunch,7
didnt,7
dose,7
arm,7
embarrass,7
along,7
memori,7
desper,7
procrastin,7
repli,7
bigger,7
hot,7
amaz,7
emerg,7
initi,7
meaningless,7
appear,7
grandpa,7
birthday,7
burn,7
clear,7
order,7
overal,7
skin,7
jealou,7
gun,7
repeat,7
forgot,7
peac,7
develop,7
drug,7
main,7
urg,7
basi,7
what,7
fulli,7
teeth,7
parti,7
clinic,7
teach,7
potenti,7
comment,7
drop,7
unconsci,7
sacrific,7
friendli,7
remind,7
account,7
grade,7
process,7
bore,7
psych,7
exercis,7
anybodi,7
garbag,7
cruel,7
financi,7
respect,7
visit,7
ultim,7
brought,7
escap,7
intellig,7
distant,7
optimist,7
lucki,7
anywher,7
magic,7
complain,7
100,7
beyond,7
beat,6
breakdown,6
citi,6
catch,6
fat,6
follow,6
hatr,6
pure,6
cat,6
clue,6
noos,6
loss,6
gross,6
fairli,6
server,6
loud,6
succeed,6
tonight,6
pass,6
solut,6
engin,6
blood,6
reliev,6
addict,6
throughout,6
particularli,6
debt,6
desir,6
doubt,6
rant,6
massiv,6
hollow,6
earli,6
affect,6
utter,6
base,6
awak,6
pretend,6
unfortun,6
yell,6
damag,6
bear,6
blah,6
doc,6
shut,6
medicin,6
marri,6
ridicul,6
languag,6
strength,6
condit,6
accid,6
chronic,6
brush,6
nurs,6
mainli,6
stick,6
planet,6
sat,6
agoni,6
anhedonia,6
add,6
twice,6
intens,6
cook,6
plu,6
score,6
neck,6
boy,6
simpl,6
updat,6
daughter,6
meant,6
strang,6
cheat,6
tast,6
regardless,6
reject,6
mention,6
argument,6
schedul,6
power,6
titl,6
offic,5
young,5
bottl,5
senior,5
flirt,5
grandma,5
zero,5
abil,5
rel,5
suggest,5
impact,5
list,5
unhappi,5
news,5
slow,5
perform,5
intrus,5
rais,5
bathtub,5
somewhat,5
fals,5
refus,5
randomli,5
street,5
verg,5
stomach,5
legitim,5
bipolar,5
sake,5
maintain,5
lithium,5
fed,5
ticket,5
factor,5
wound,5
hung,5
special,5
million,5
written,5
trap,5
will,5
forgotten,5
box,5
coward,5
crap,5
concern,5
bitter,5
abandon,5
summer,5
medium,5
provid,5
inabl,5
habit,5
level,5
neither,5
four,5
adult,5
concentr,5
drank,5
search,5
certainli,5
educ,5
react,5
fit,5
unhealthi,5
rush,5
courag,5
spare,5
cycl,5
asid,5
ration,5
win,5
shame,5
progress,5
random,5
violent,5
nervou,5
pillow,5
corner,5
word,5
resort,5
burden,5
partner,5
allow,5
voic,5
screw,5
compar,5
fulfil,5
flat,5
embrac,5
blind,5
addit,5
holiday,5
edg,5
per,5
pizza,5
ideat,5
obviou,5
block,5
color,5
helpless,5
irrat,5
honest,5
offer,5
expens,5
unlik,5
led,5
valu,5
shake,5
psychologist,5
virgin,5
battl,5
despair,5
system,5
calm,5
younger,5
minut,5
mouth,5
benefit,5
shower,5
innoc,5
tough,5
there,5
popular,5
babi,5
hair,5
present,5
regret,5
wear,5
pictur,5
mirror,5
loneli,5
wind,5
envi,5
program,5
scari,5
whose,5
bulli,5
destroy,5
joke,5
minor,5
attitud,4
counselor,4
sob,4
dread,4
six,4
tortur,4
sourc,4
sadli,4
larg,4
punish,4
overcom,4
exchang,4
someday,4
common,4
diet,4
neglect,4
session,4
brief,4
five,4
ground,4
unsur,4
replac,4
ate,4
swallow,4
cheer,4
hug,4
entertain,4
eye,4
satisfi,4
ahead,4
heartbreak,4
bedroom,4
remain,4
leg,4
disast,4
tier,4
join,4
reli,4
metal,4
background,4
wash,4
void,4
rambl,4
armi,4
junior,4
freez,4
leaf,4
substanc,4
manipul,4
rent,4
paranoid,4
assess,4
frequent,4
co,4
religi,4
load,4
demand,4
roof,4
winter,4
soul,4
expect,4
solv,4
difficulti,4
2017,4
excess,4
unwant,4
sing,4
sign,4
screen,4
vacat,4
asexu,4
trigger,4
desk,4
shove,4
confess,4
slip,4
acknowledg,4
mum,4
champion,4
ad,4
hint,4
driven,4
cross,4
decis,4
frankli,4
plane,4
ski,4
foolish,4
evalu,4
black,4
tend,4
liar,4
rage,4
road,4
track,4
throat,4
conscious,4
wasnt,4
resent,4
bought,4
return,4
intent,4
men,4
unbear,4
higher,4
ungrat,4
enter,4
awhil,4
brows,4
proper,4
danger,4
incom,4
movi,4
season,4
quick,4
race,4
femal,4
bo,4
switch,4
test,4
averag,4
invit,4
husband,4
skip,4
alarm,4
team,4
mediocr,4
numer,4
regular,4
count,4
destruct,4
polit,4
third,4
pharmaci,4
action,4
heaven,4
depend,4
cure,4
promis,4
cost,4
psychosi,4
ice,4
rock,4
relief,4
grand,4
twitter,4
topic,4
touch,4
psycholog,4
bullet,4
laid,4
concept,4
advanc,4
silenc,4
inpati,4
spot,4
floor,4
stabl,4
heal,4
fair,4
consist,4
shi,4
halfway,4
avail,4
dramat,4
send,4
water,4
shift,4
ambit,4
drama,4
countless,4
perspect,4
havent,4
mask,4
charact,4
slut,4
issu,4
includ,4
evil,4
protect,4
hobbi,4
apathi,4
highli,4
friendship,4
involv,4
root,4
pull,4
knowledg,4
bearabl,3
illus,3
view,3
local,3
lower,3
chip,3
limit,3
sun,3
knock,3
washroom,3
cream,3
worthi,3
leech,3
altern,3
previou,3
theori,3
typic,3
strain,3
art,3
necessarili,3
seek,3
poor,3
vivid,3
signific,3
ident,3
qualiti,3
thu,3
gain,3
bag,3
dosag,3
minimum,3
owe,3
reserv,3
ton,3
resolv,3
unemploy,3
recoveri,3
acn,3
stab,3
foreign,3
2014,3
overdos,3
bleak,3
flu,3
wine,3
danc,3
sooth,3
perceiv,3
ran,3
shell,3
hallway,3
receiv,3
result,3
offici,3
monster,3
prevent,3
behav,3
insomnia,3
slave,3
ball,3
reduc,3
goal,3
snap,3
loop,3
atyp,3
curiou,3
meal,3
conveni,3
bound,3
spread,3
defin,3
outpati,3
consum,3
blank,3
spectrum,3
mutual,3
upon,3
war,3
industri,3
spiral,3
2016,3
awkwardli,3
closer,3
lung,3
25mg,3
method,3
former,3
curs,3
modern,3
iron,3
law,3
coz,3
repay,3
footbal,3
lift,3
assum,3
particular,3
perfectli,3
frozen,3
retail,3
mountain,3
ensur,3
despis,3
employ,3
talent,3
gaslight,3
hungri,3
attend,3
deepli,3
nonetheless,3
dawn,3
junk,3
autism,3
approach,3
impress,3
wreck,3
casual,3
frustrat,3
hypocrit,3
attach,3
insight,3
intimaci,3
capabl,3
exagger,3
diagnosi,3
alik,3
loath,3
variou,3
millionair,3
author,3
disturb,3
narcissist,3
asham,3
patient,3
swear,3
overnight,3
guitar,3
ward,3
bastard,3
sentenc,3
knife,3
punch,3
bu,3
fathom,3
appeal,3
declin,3
insecur,3
bathroom,3
dull,3
intellectu,3
powerless,3
whatsoev,3
shrink,3
extra,3
grown,3
stigma,3
caught,3
downward,3
tho,3
wouldnt,3
grew,3
measur,3
claim,3
fate,3
arent,3
scare,3
karma,3
fli,3
lethal,3
induc,3
perhap,3
inquir,3
trip,3
organ,3
respond,3
tick,3
fool,3
store,3
stock,3
fresh,3
window,3
pleasur,3
correct,3
royal,3
kitchen,3
essay,3
tini,3
forese,3
stupidli,3
schizophrenia,3
realist,3
uncomfort,3
yep,3
air,3
prove,3
husk,3
slightli,3
field,3
campu,3
inevit,3
1000,3
homicid,3
parent,3
wherea,3
toxic,3
releas,3
accord,3
borderlin,3
essenti,3
sympathet,3
seemingli,3
secret,3
connect,3
happiest,3
heavili,3
dear,3
crew,3
interview,3
describ,3
000,3
unit,3
nasti,3
traumat,3
properli,3
chocol,3
crisi,3
hygien,3
slice,3
silli,3
celebr,3
spoke,3
tie,3
plenti,3
cube,3
irrit,3
3rd,3
furiou,3
smell,3
choke,3
event,3
belt,3
enforc,3
snooz,3
nutrit,2
whisper,2
smoker,2
psychopath,2
apprehens,2
99th,2
anchor,2
cute,2
filth,2
youth,2
dirti,2
specialist,2
intak,2
flow,2
peak,2
cruelti,2
evolut,2
surround,2
ego,2
tea,2
flush,2
monoamin,2
silent,2
phase,2
trade,2
convey,2
gad,2
fatigu,2
therefor,2
slight,2
enviou,2
german,2
traffic,2
fallback,2
dysplasia,2
hangout,2
dwell,2
key,2
shock,2
weather,2
separ,2
glad,2
aid,2
pussi,2
100x,2
upstair,2
4am,2
classic,2
teenag,2
kick,2
entri,2
prais,2
prone,2
temporari,2
loan,2
stood,2
prior,2
arrang,2
conclus,2
varieti,2
occupi,2
crave,2
spin,2
remiss,2
taunt,2
prison,2
engag,2
homework,2
infinitud,2
greed,2
flight,2
predict,2
mall,2
apolog,2
throwaway,2
terrifi,2
blurri,2
atheist,2
fellow,2
rang,2
smash,2
fish,2
bachelor,2
titan,2
adventur,2
vomit,2
oppos,2
center,2
mail,2
whilst,2
talker,2
prepar,2
fallen,2
odd,2
heck,2
altar,2
2013,2
threshold,2
psychot,2
slit,2
eleph,2
rocki,2
twist,2
dim,2
wether,2
explicitli,2
quot,2
warcraft,2
warrant,2
profil,2
stereotyp,2
dollar,2
birth,2
spite,2
grin,2
pour,2
link,2
japan,2
dust,2
grovel,2
unfair,2
pessimist,2
shine,2
credit,2
infect,2
sofa,2
entiti,2
dress,2
flinch,2
eager,2
mid,2
uncontrol,2
statu,2
whoever,2
exam,2
buddi,2
fanci,2
roll,2
asperg,2
wage,2
percentil,2
sharp,2
merri,2
patienc,2
sabotag,2
irregular,2
tight,2
diminish,2
excruciatingli,2
1929,2
bent,2
pencil,2
fade,2
pile,2
uncar,2
valid,2
creativ,2
threw,2
blade,2
downright,2
heartless,2
appetit,2
violenc,2
disrespect,2
prescrib,2
rain,2
diabet,2
intern,2
rough,2
90,2
prefac,2
closet,2
regard,2
cult,2
cling,2
minim,2
explan,2
split,2
grace,2
rot,2
fund,2
withdraw,2
gradual,2
knit,2
dinner,2
spoken,2
cash,2
pride,2
sink,2
wallow,2
bum,2
project,2
toilet,2
murder,2
chao,2
complex,2
sooner,2
surprisingli,2
hidden,2
hire,2
band,2
incap,2
advantag,2
caprici,2
scienc,2
grad,2
spell,2
chemistri,2
rebuild,2
clingi,2
wild,2
earn,2
aggress,2
vision,2
assist,2
resum,2
chalk,2
shouldnt,2
plain,2
visibl,2
trustworthi,2
regularli,2
ten,2
pursuit,2
leagu,2
bleed,2
deactiv,2
greater,2
trait,2
uniqu,2
verbal,2
creepi,2
quietli,2
resign,2
tackl,2
patch,2
toss,2
consol,2
relax,2
handsom,2
noon,2
tinder,2
record,2
endur,2
revers,2
wisdom,2
dealt,2
internship,2
moron,2
span,2
scratch,2
bubbl,2
mix,2
apnea,2
grammar,2
guild,2
press,2
express,2
script,2
qualifi,2
nebul,2
direct,2
intoler,2
log,2
douch,2
august,2
teacher,2
injur,2
opportun,2
clip,2
impuls,2
sheep,2
distort,2
manner,2
realism,2
funer,2
travel,2
lover,2
letter,2
island,2
chair,2
lock,2
favorit,2
behaviour,2
bye,2
judg,2
genet,2
taller,2
freshman,2
detail,2
accus,2
stepfath,2
determin,2
surfac,2
whine,2
feed,2
thin,2
momentari,2
chemic,2
suspect,2
psychotherapi,2
site,2
confirm,2
sustain,2
suffoc,2
bar,2
pregnant,2
via,2
speed,2
worker,2
flood,2
meanwhil,2
skinni,2
bite,2
guid,2
facad,2
weigh,2
700,2
dagger,2
yea,2
balanc,2
pocket,2
legal,2
paragraph,2
till,2
overweight,2
gender,2
brake,2
heartbroken,2
awesom,2
shorter,2
pattern,2
uncl,2
sunris,2
tuition,2
quarter,2
capac,2
decad,2
loos,2
drawn,2
wow,2
bookshop,2
delet,2
dizzi,2
doubl,2
rental,2
partial,2
nauseou,2
son,2
groceri,2
greatli,2
drain,2
perfection,2
condescendingli,2
correctli,2
candi,2
transit,2
simultan,2
intervent,2
10mg,2
primari,2
wave,2
belief,2
access,2
outcast,2
vile,2
arriv,2
slap,2
technic,2
salad,2
horrif,2
blush,2
luckili,2
shot,2
contribut,2
scholarship,2
etern,2
red,2
shed,2
stunt,2
south,2
shrug,2
taper,2
brand,2
blue,2
motor,2
risk,2
ghost,2
wrestl,2
mock,2
spirit,2
unknown,2
mate,2
slide,2
display,2
dig,2
chicken,2
draw,2
anim,2
haunt,2
unstabl,2
disinterest,2
consider,2
filthi,2
loom,2
nowaday,2
basement,2
barley,2
trick,2
sadist,2
secondari,2
earth,2
build,2
canada,2
climb,2
bronchopulmonari,2
begun,2
familiar,2
lectur,2
lawyer,2
cognit,2
unreach,2
thread,2
drastic,2
600,2
stranger,2
downstair,2
whim,2
paranoia,2
abroad,2
sugar,2
hundr,2
vagina,2
default,2
film,2
reflect,2
perman,2
stroke,2
unproduct,2
inde,2
drove,2
indiffer,2
golden,2
openli,2
research,2
white,2
practition,2
couch,2
ambul,2
facil,2
rins,2
200,2
concret,2
nicotin,2
debat,2
buri,2
invis,2
driver,2
introduc,2
reiter,2
vital,2
untreat,2
worldli,2
naiv,2
imbal,2
sorrow,2
cheesi,2
150,2
space,2
bond,2
manic,2
tissu,2
lactos,2
geniu,2
bingo,2
chosen,2
gift,2
zombi,2
bleach,2
absurd,2
board,2
freedom,2
complic,2
area,2
tens,2
chose,2
whore,2
crybabi,2
nihilist,2
piss,2
bloodi,2
conceal,2
ineptitud,2
of,1
haze,1
retir,1
ladi,1
outdat,1
improp,1
belov,1
clariti,1
assault,1
inner,1
scope,1
complaint,1
summar,1
librari,1
antiqu,1
dysphoria,1
unclench,1
mobil,1
crept,1
therapeut,1
critic,1
wit,1
featur,1
overeat,1
seeth,1
chain,1
unrel,1
opera,1
amok,1
submit,1
inept,1
benzo,1
reassur,1
audac,1
120vac,1
escal,1
toi,1
differenti,1
100mg,1
was18,1
dare,1
ponder,1
persever,1
2pm,1
swimsuit,1
biolog,1
shabbi,1
metaphor,1
neighborhood,1
panacea,1
mistakenli,1
thirsti,1
influenc,1
identifi,1
address,1
slim,1
strict,1
reciproc,1
hellish,1
rub,1
troll,1
institut,1
spectacularli,1
defici,1
improvis,1
juggl,1
14k,1
jimmi,1
nonexist,1
handwrit,1
2e70l5,1
200mg,1
robot,1
fist,1
300,1
faculti,1
sigh,1
stagnant,1
pace,1
menstrual,1
spoil,1
uninterest,1
300mg,1
surgeri,1
parasit,1
eagerli,1
grumbl,1
smaller,1
circl,1
shroud,1
nativ,1
shaki,1
checkbook,1
analysi,1
tradit,1
label,1
refound,1
skill,1
cremat,1
thrust,1
toll,1
saniti,1
request,1
injuri,1
sympathi,1
technocraci,1
dial,1
20mg,1
competit,1
taught,1
hideou,1
dislik,1
colleagu,1
distrust,1
mission,1
repeatedli,1
crucial,1
out,1
ivi,1
slipknot,1
roast,1
450,1
canyon,1
6ft,1
37th,1
masculin,1
4wpjgp,1
jaw,1
artist,1
stir,1
2nd,1
headach,1
viciou,1
ride,1
bless,1
2meirl4meirl,1
virtual,1
humbl,1
gid,1
irrespons,1
merg,1
limbo,1
recept,1
disarm,1
steel,1
slipperi,1
gorgeou,1
cake,1
muscl,1
propens,1
storm,1
mytholog,1
fluctuat,1
imped,1
blur,1
classif,1
mow,1
rescu,1
sticki,1
pic,1
submiss,1
unifi,1
among,1
profoundli,1
pension,1
haircut,1
manor,1
sentiment,1
bust,1
sepsi,1
nitrogen,1
horni,1
subcategori,1
length,1
sweep,1
owner,1
fog,1
path,1
relearn,1
ulcer,1
deject,1
inn,1
dermatologist,1
sharpen,1
irrelev,1
melodi,1
smother,1
instanc,1
locat,1
roommat,1
5am,1
tax,1
proce,1
gap,1
retreat,1
favor,1
5duwck,1
breakup,1
prank,1
footag,1
afloat,1
mediat,1
inattent,1
authoritarian,1
cone,1
nuisanc,1
ongo,1
grief,1
existenti,1
lavish,1
prof,1
bundl,1
obsess,1
audienc,1
phantom,1
fraud,1
plea,1
burnt,1
twirl,1
kay,1
tool,1
reveng,1
lenient,1
clock,1
string,1
democrat,1
10min,1
denial,1
sarcast,1
huh,1
thousand,1
poker,1
thanksgiv,1
freezer,1
batch,1
obscur,1
emblemat,1
scar,1
admittedli,1
2006,1
11pm,1
instant,1
stabil,1
paus,1
backlog,1
mass,1
merciless,1
transport,1
adapt,1
fatal,1
preserv,1
avers,1
nurtur,1
horrid,1
aswel,1
equip,1
mortifi,1
12th,1
59dosn,1
anguish,1
novel,1
elabor,1
scatter,1
religion,1
panick,1
ostens,1
delay,1
rise,1
nake,1
compassion,1
row,1
referr,1
flee,1
mechan,1
compet,1
normalci,1
gear,1
booklet,1
blown,1
econom,1
unreli,1
sunni,1
spit,1
neuron,1
directli,1
obligatori,1
gait,1
casino,1
agnost,1
furthermor,1
cleaner,1
slope,1
stoic,1
wise,1
feedback,1
afternoon,1
nausea,1
5mg,1
automat,1
after3,1
tranc,1
keen,1
forehead,1
certainti,1
drawer,1
terrier,1
fever,1
rude,1
soup,1
allerg,1
materi,1
pertin,1
cinema,1
web,1
ethic,1
exact,1
dick,1
granddad,1
upbeat,1
unfound,1
vocabulari,1
causat,1
bridg,1
dragon,1
electr,1
shockingli,1
woe,1
warmth,1
outwardli,1
awok,1
5ejebf,1
heartbeat,1
sluggish,1
fortitud,1
unwav,1
36yo,1
fled,1
rob,1
5150,1
bot,1
polic,1
formal,1
prune,1
specifi,1
autist,1
sought,1
sour,1
psychic,1
fire,1
torment,1
motion,1
sum,1
reluct,1
teeni,1
bald,1
brothers_are_humiliating_and_calling_me_lazi,1
ww3,1
boston,1
cuddl,1
kink,1
environment,1
exil,1
veget,1
housem,1
empathi,1
landlord,1
insist,1
immens,1
2yo,1
resist,1
corps,1
shortli,1
rap,1
suitabl,1
obstacl,1
remaind,1
12h,1
recogn,1
lymphoma,1
nine,1
pop,1
unsuccess,1
stellar,1
messi,1
sane,1
plastic,1
infinitesim,1
thick,1
classroom,1
dime,1
latter,1
conclud,1
abysm,1
adulthood,1
wireless,1
terrain,1
discuss,1
council,1
templ,1
rape,1
stanc,1
flash,1
ounc,1
publicli,1
bedridden,1
visual,1
graviti,1
vote,1
pervert,1
misanthrop,1
pill,1
meager,1
tabl,1
dismiss,1
pithi,1
defend,1
400,1
transform,1
ingrain,1
40th,1
resili,1
unfeel,1
skeptic,1
interpret,1
18th,1
30,1
pun,1
fortuit,1
vice,1
propheci,1
morbid,1
apathet,1
anticip,1
inact,1
creep,1
tech,1
slum,1
weari,1
beer,1
inequ,1
blankli,1
underpass,1
runaround,1
stubborn,1
turkey,1
professor,1
loyal,1
curl,1
recommend,1
blanket,1
outgo,1
remark,1
victor,1
physician,1
lucid,1
melancholi,1
graphic,1
perki,1
chunk,1
anorexia,1
painless,1
merci,1
emma,1
pissant,1
bargain,1
inher,1
accur,1
extinct,1
dashboard,1
canteen,1
inferior,1
chatter,1
steam,1
condescend,1
gregari,1
lifeless,1
unnecessari,1
meddl,1
nightmarish,1
briefli,1
longish,1
deperson,1
chees,1
endlessli,1
domest,1
shadow,1
faint,1
iw5ishdi,1
40k,1
delusion,1
fluent,1
hotel,1
programm,1
griev,1
glow,1
pig,1
file,1
herd,1
confront,1
enlist,1
understood,1
angst,1
spectat,1
apath,1
cring,1
curios,1
ironi,1
synopsi,1
extran,1
untru,1
pit,1
mixtur,1
livid,1
meter,1
18m,1
network,1
size,1
dude,1
leader,1
actor,1
unload,1
heartfelt,1
stardom,1
hereditari,1
blink,1
squad,1
philosophi,1
cloud,1
needi,1
inadequ,1
ironclad,1
consent,1
acupunctur,1
oblig,1
toy,1
gnaw,1
shooter,1
prestigi,1
marriag,1
redirect,1
gruel,1
afterward,1
logist,1
undisput,1
undeni,1
flimsi,1
bind,1
uneasi,1
snappi,1
ruthless,1
underli,1
humili,1
comprehens,1
snowi,1
advis,1
convent,1
chi,1
ist,1
similarli,1
wooden,1
math,1
plumber,1
uninterrupt,1
player,1
refresh,1
omit,1
clutter,1
moreov,1
latest,1
detriment,1
clerk,1
overdu,1
steril,1
usag,1
dorm,1
textbook,1
scum,1
unattract,1
coupon,1
utterli,1
steadi,1
hop,1
height,1
600mg,1
infatu,1
host,1
oatmeal,1
steadili,1
detest,1
mundan,1
region,1
shutdown,1
prematur,1
boredom,1
catharsi,1
tunnel,1
compens,1
30am,1
teen,1
pray,1
deathli,1
technician,1
substitut,1
righteou,1
lord,1
yoga,1
pursu,1
burdensom,1
limb,1
mysteri,1
gin,1
token,1
van,1
destini,1
sensat,1
strewn,1
synthet,1
contradict,1
altogeth,1
san,1
tactic,1
butter,1
hoe,1
but,1
grill,1
complexion,1
anyhow,1
eeri,1
snack,1
stole,1
hover,1
stave,1
14yo,1
novelti,1
insert,1
importantli,1
halt,1
intend,1
browni,1
401k,1
scam,1
anxious,1
romanc,1
accomplish,1
eros,1
brink,1
muster,1
waiter,1
sweat,1
squeez,1
reclus,1
whatnot,1
upcom,1
clumsi,1
2009,1
beta,1
shocker,1
unavail,1
sneak,1
esophagu,1
beneath,1
twenti,1
_so_,1
schoolwork,1
bull,1
conspiraci,1
accident,1
tub,1
percent,1
foolishli,1
_______,1
plagu,1
temper,1
occur,1
crummi,1
zone,1
reluctantli,1
fundament,1
tongu,1
user,1
afterthought,1
jack,1
imag,1
repres,1
brick,1
structur,1
rose,1
ici,1
timer,1
amygdala,1
killer,1
gang,1
biopsi,1
repetit,1
051ab867dd459c412444b92b293274bfda32fc,1
500,1
inarticul,1
skull,1
eventless,1
albeit,1
undeserv,1
vari,1
revolution,1
scrape,1
indulg,1
privat,1
melt,1
leash,1
paint,1
unfix,1
63rd,1
nonstop,1
drowsi,1
trial,1
cottag,1
taxi,1
accommod,1
sting,1
societ,1
unworthi,1
revis,1
ketchup,1
bake,1
dedic,1
implicitli,1
knowingli,1
sell,1
unrealist,1
round,1
untal,1
when_i_smoke_weed_i_get_voices_in_my_head_i_get,1
squeak,1
superfici,1
invest,1
eaten,1
version,1
bump,1
chick,1
unpleas,1
shorten,1
bartend,1
conform,1
til,1
archaeolog,1
fragil,1
ugh,1
liber,1
yield,1
navig,1
rekindl,1
malici,1
cordial,1
sheer,1
justic,1
lethargi,1
overcharg,1
twitch,1
lile,1
theyr,1
western,1
breast,1
gloomi,1
bucket,1
grey,1
shall,1
jealousi,1
_long_,1
parallel,1
negat,1
bill,1
harbor,1
hill,1
minu,1
nod,1
mode,1
75mg,1
frantic,1
prioriti,1
oper,1
intrins,1
scale,1
graveyard,1
pair,1
15mg,1
ged,1
vividli,1
eras,1
carri,1
swoon,1
riding130mph,1
foggi,1
administ,1
discov,1
suburb,1
kiss,1
charm,1
rightli,1
reincarn,1
prospect,1
electrocut,1
refug,1
firstli,1
escort,1
ninth,1
cum,1
scan,1
euphor,1
assign,1
semi,1
angel,1
corni,1
onset,1
musician,1
abdomin,1
photographi,1
aris,1
rip,1
jumpi,1
prescript,1
incoher,1
welcom,1
chic,1
shape,1
4th,1
inconsist,1
sight,1
drunkenli,1
puke,1
writer,1
oncom,1
hurri,1
glori,1
excel,1
nineteen,1
disagr,1
northern,1
theirselv,1
bottom,1
previous,1
0356c9b9,1
pound,1
turmoil,1
15th,1
poster,1
pal,1
er,1
subdu,1
ring,1
format,1
twat,1
tall,1
starv,1
repuls,1
recov,1
2010,1
assur,1
laundri,1
nostalg,1
design,1
alright_bye_then_keep_this_up_for_future_refer,1
oliv,1
clarifi,1
strongli,1
brag,1
neurogenesi,1
rope,1
norm,1
fiance,1
lesser,1
appropri,1
duti,1
belong,1
requir,1
madli,1
tai,1
june,1
up,1
restaur,1
swamp,1
sunk,1
happili,1
ham,1
5rs8fd,1
permit,1
translat,1
edgi,1
garden,1
cynic,1
unscrew,1
telephon,1
underground,1
suit,1
smili,1
salt,1
match,1
incomplet,1
biochemistri,1
haphazardli,1
thrown,1
aka,1
devast,1
verac,1
evanesc,1
untrustworthi,1
recollect,1
430am,1
bout,1
laughter,1
surpris,1
explor,1
suff,1
bike,1
tree,1
ineff,1
arrog,1
amazingli,1
defens,1
retrospect,1
benefici,1
reliabl,1
extent,1
downturn,1
expir,1
tad,1
sine,1
childish,1
shini,1
diagnos,1
membership,1
packag,1
everywher,1
brilliant,1
melanchol,1
sole,1
lump,1
highest,1
3am,1
obliter,1
neurosi,1
washer,1
shotgun,1
beast,1
inject,1
profess,1
spontan,1
threaten,1
immigr,1
fourth,1
alien,1
tinsel,1
tired,1
seller,1
unheard,1
acid,1
dirt,1
draft,1
circumst,1
pregnanc,1
paranoiac,1
calculu,1
humour,1
irration,1
awe,1
pumpkin,1
worn,1
bomb,1
sidewalk,1
workout,1
boost,1
trend,1
dug,1
unreason,1
jacket,1
stem,1
impot,1
congratul,1
subcultur,1
twelv,1
outlook,1
independ,1
thereaft,1
rustic,1
compuls,1
fixabl,1
mindless,1
infertil,1
plumb,1
nourish,1
vicious,1
court,1
eureka,1
seeker,1
commut,1
poss,1
uncertain,1
flesh,1
backward,1
wipe,1
lesson,1
extern,1
overbear,1
oven,1
wah,1
forcibl,1
unlov,1
disson,1
elementari,1
cosmic,1
dri,1
pusillanim,1
endless,1
cupboard,1
booz,1
contradictori,1
fob,1
instruct,1
announc,1
revolv,1
battlefield,1
problemat,1
stumbl,1
pack,1
stream,1
distinct,1
subconsci,1
vehicl,1
hammer,1
context,1
insulin,1
allevi,1
acquaint,1
there_dropping_like_fli,1
rapid,1
whop,1
weirdli,1
spill,1
cometgirl1998,1
loudli,1
creat,1
220,1
regress,1
cozi,1
calmli,1
fluid,1
100mph,1
conserv,1
buckl,1
elsewher,1
airplan,1
anterior,1
saliva,1
obes,1
until,1
associ,1
snowflak,1
mile,1
humor,1
onzd6lkluwa,1
weekli,1
settl,1
pole,1
discomfort,1
policeman,1
hinder,1
task,1
spiritu,1
trauma,1
suicide_diari,1
profus,1
balconi,1
retard,1
rich,1
increas,1
batter,1
crack,1
household,1
rational,1
10am,1
mark,1
review,1
lurker,1
outright,1
member,1
assessor,1
unshak,1
temp,1
defect,1
grandpar,1
cingul,1
licens,1
garag,1
bet,1
cigar,1
android,1
tangl,1
50mg,1
input,1
persona,1
butcher,1
reliant,1
pretenti,1
extraordinari,1
static,1
frequenc,1
unend,1
faith,1
admiss,1
horror,1
extend,1
carrion,1
subhuman,1
outstand,1
decreas,1
interperson,1
oil,1
neve,1
onu,1
king,1
guinea,1
compliment,1
club,1
memento,1
ghetto,1
grain,1
wobbl,1
ps4,1
215,1
materialist,1
headlong,1
cortex,1
incid,1
gray,1
afterlif,1
gut,1
plug,1
wet,1
courtesi,1
disclaim,1
rule,1
presenc,1
weakl,1
sobrieti,1
overwhelmingli,1
subscript,1
jazz,1
nothing,1
sexi,1
ala,1
grip,1
relev,1
pen,1
cliqu,1
__pleas,1
daylight,1
distress,1
button,1
pertain,1
misunderstand,1
2012,1
9pm,1
bug,1
land,1
receptor,1
tender,1
vie,1
butt,1
moder,1
bankrupt,1
underneath,1
squat,1
di,1
placebo,1
scissor,1
upgrad,1
unintellig,1
gawki,1
abhor,1
tutor,1
plung,1
incas,1
price,1
stutter,1
medit,1
donat,1
egotist,1
potent,1
thief,1
trajectori,1
bright,1
i_have_no_idea_what_to_do,1
lash,1
gate,1
lunch,1
unescap,1
rank,1
unmotiv,1
gullibl,1
enrol,1
exacerb,1
cliff,1
soap,1
dishearten,1
ordeal,1
forth,1
notif,1
soft,1
electron,1
staff,1
nearbi,1
overthink,1
lieu,1
bisexu,1
rapper,1
profound,1
promot,1
intellect,1
pneumonia,1
prick,1
supervisor,1
radio,1
degrad,1
ceas,1
marijuana,1
fluentli,1
sensit,1
fiasco,1
streak,1
serial,1
apprenticeship,1
seat,1
enthusiasm,1
tilt,1
cutter,1
popul,1
nearest,1
absenc,1
exploit,1
skier,1
monitor,1
daddi,1
rum,1
lane,1
stall,1
shoot,1
fantasi,1
crime,1
smooth,1
opinion,1
digniti,1
recal,1
frighten,1
jail,1
environ,1
pharmaceut,1
nutshel,1
steal,1
pitch,1
mattress,1
faster,1
gibberish,1
eulog,1
market,1
poorli,1
central,1
renew,1
nois,1
pump,1
reckless,1
30th,1
troublemak,1
oneself,1
built,1
concuss,1
swarm,1
beliv,1
supermarket,1
comprehend,1
beg,1
divin,1
solvabl,1
250,1
avid,1
tenth,1
tooth,1
saint,1
mandatori,1
jitteri,1
branch,1
proceed,1
razor,1
comatos,1
crawl,1
emotionless,1
18f,1
eater,1
freight,1
adolesc,1
secretli,1
coma,1
delight,1
free_your_spirit,1
equival,1
broad,1
spars,1
boat,1
drown,1
boast,1
hypothet,1
marathon,1
lap,1
sudden,1
flirtati,1
abstin,1
